song,artist,danceability,energy,key,loudness,mode,speechiness,acousticness,instrumentalness,liveness,valence,tempo,type,id,uri,track_href,analysis_url,duration_ms,time_signature
Super Freaky Girl,Nicki Minaj,0.95,0.891,2,-2.653,1,0.241,0.0645,1.77e-05,0.309,0.912,133.01,audio_features,4C6Uex2ILwJi9sZXRdmqXp,spotify:track:4C6Uex2ILwJi9sZXRdmqXp,https://api.spotify.com/v1/tracks/4C6Uex2ILwJi9sZXRdmqXp,https://api.spotify.com/v1/audio-analysis/4C6Uex2ILwJi9sZXRdmqXp,170977,4
As It Was,Harry Styles,0.52,0.731,6,-5.338,0,0.0557,0.342,0.00101,0.311,0.662,173.93,audio_features,4LRPiXqCikLlN15c3yImP7,spotify:track:4LRPiXqCikLlN15c3yImP7,https://api.spotify.com/v1/tracks/4LRPiXqCikLlN15c3yImP7,https://api.spotify.com/v1/audio-analysis/4LRPiXqCikLlN15c3yImP7,167303,4
About Damn Time,Lizzo,0.836,0.743,10,-6.305,0,0.0656,0.0995,0,0.335,0.722,108.966,audio_features,1PckUlxKqWQs3RlWXVBLw3,spotify:track:1PckUlxKqWQs3RlWXVBLw3,https://api.spotify.com/v1/tracks/1PckUlxKqWQs3RlWXVBLw3,https://api.spotify.com/v1/audio-analysis/1PckUlxKqWQs3RlWXVBLw3,191822,4
Break My Soul,Beyonce,0.687,0.887,1,-5.04,0,0.0826,0.0575,2.21e-06,0.27,0.853,114.941,audio_features,2KukL7UlQ8TdvpaA7bY3ZJ,spotify:track:2KukL7UlQ8TdvpaA7bY3ZJ,https://api.spotify.com/v1/tracks/2KukL7UlQ8TdvpaA7bY3ZJ,https://api.spotify.com/v1/audio-analysis/2KukL7UlQ8TdvpaA7bY3ZJ,278282,4
Running Up That Hill (A Deal With God),Kate Bush,0.625,0.533,10,-11.903,0,0.0596,0.659,0.00266,0.0546,0.139,108.296,audio_features,29d0nY7TzCoi22XBqDQkiP,spotify:track:29d0nY7TzCoi22XBqDQkiP,https://api.spotify.com/v1/tracks/29d0nY7TzCoi22XBqDQkiP,https://api.spotify.com/v1/audio-analysis/29d0nY7TzCoi22XBqDQkiP,300840,4
Bad Habit,Steve Lacy,0.686,0.507,1,-7.097,1,0.0357,0.626,7.51e-05,0.383,0.69,168.955,audio_features,5CM4UuQ9Gnd6K2YyKGPMoK,spotify:track:5CM4UuQ9Gnd6K2YyKGPMoK,https://api.spotify.com/v1/tracks/5CM4UuQ9Gnd6K2YyKGPMoK,https://api.spotify.com/v1/audio-analysis/5CM4UuQ9Gnd6K2YyKGPMoK,232115,4
Late Night Talking,Harry Styles,0.714,0.728,10,-4.595,1,0.0468,0.298,0,0.106,0.901,114.996,audio_features,1qEmFfgcLObUfQm0j1W2CK,spotify:track:1qEmFfgcLObUfQm0j1W2CK,https://api.spotify.com/v1/tracks/1qEmFfgcLObUfQm0j1W2CK,https://api.spotify.com/v1/audio-analysis/1qEmFfgcLObUfQm0j1W2CK,177955,4
First Class,Jack Harlow,0.905,0.563,8,-6.135,1,0.102,0.0254,9.71e-06,0.113,0.324,106.998,audio_features,1rDQ4oMwGJI7B4tovsBOxc,spotify:track:1rDQ4oMwGJI7B4tovsBOxc,https://api.spotify.com/v1/tracks/1rDQ4oMwGJI7B4tovsBOxc,https://api.spotify.com/v1/audio-analysis/1rDQ4oMwGJI7B4tovsBOxc,173948,4
Heat Waves,Glass Animals,0.761,0.525,11,-6.9,1,0.0944,0.44,6.7e-06,0.0921,0.531,80.87,audio_features,3USxtqRwSYz57Ewm6wWRMp,spotify:track:3USxtqRwSYz57Ewm6wWRMp,https://api.spotify.com/v1/tracks/3USxtqRwSYz57Ewm6wWRMp,https://api.spotify.com/v1/audio-analysis/3USxtqRwSYz57Ewm6wWRMp,238805,4
The Kind Of Love We Make,Luke Combs,0.608,0.745,1,-4.13,1,0.0277,0.0226,6.47e-06,0.0942,0.464,102.025,audio_features,28n8z9IQKyjMPxmvYMBqZa,spotify:track:28n8z9IQKyjMPxmvYMBqZa,https://api.spotify.com/v1/tracks/28n8z9IQKyjMPxmvYMBqZa,https://api.spotify.com/v1/audio-analysis/28n8z9IQKyjMPxmvYMBqZa,224427,4
You Proof,Morgan Wallen,0.731,0.85,9,-4.913,1,0.0336,0.252,0,0.605,0.644,119.706,audio_features,5uU1uuyaUIBOiiUSQG7Wl3,spotify:track:5uU1uuyaUIBOiiUSQG7Wl3,https://api.spotify.com/v1/tracks/5uU1uuyaUIBOiiUSQG7Wl3,https://api.spotify.com/v1/audio-analysis/5uU1uuyaUIBOiiUSQG7Wl3,157478,4
Titi Me Pregunto,Bad Bunny,0.65,0.715,5,-5.198,0,0.253,0.0993,0.000291,0.126,0.187,106.672,audio_features,1IHWl5LamUGEuP4ozKQSXZ,spotify:track:1IHWl5LamUGEuP4ozKQSXZ,https://api.spotify.com/v1/tracks/1IHWl5LamUGEuP4ozKQSXZ,https://api.spotify.com/v1/audio-analysis/1IHWl5LamUGEuP4ozKQSXZ,243717,4
I Ain't Worried,OneRepublic,0.704,0.797,0,-5.927,1,0.0475,0.0826,0.000745,0.0546,0.825,139.994,audio_features,4h9wh7iOZ0GGn8QVp4RAOB,spotify:track:4h9wh7iOZ0GGn8QVp4RAOB,https://api.spotify.com/v1/tracks/4h9wh7iOZ0GGn8QVp4RAOB,https://api.spotify.com/v1/audio-analysis/4h9wh7iOZ0GGn8QVp4RAOB,148486,4
She Had Me At Heads Carolina,Cole Swindell,0.607,0.912,8,-3.449,1,0.0611,0.124,0,0.332,0.722,134.944,audio_features,200x8ONbPfFzByUr3fVz46,spotify:track:200x8ONbPfFzByUr3fVz46,https://api.spotify.com/v1/tracks/200x8ONbPfFzByUr3fVz46,https://api.spotify.com/v1/audio-analysis/200x8ONbPfFzByUr3fVz46,206107,4
Wasted On You,Morgan Wallen,0.505,0.657,11,-5.24,0,0.0318,0.373,0.00107,0.126,0.252,196.0,audio_features,3cBsEDNhFI9E82vPj3kvi3,spotify:track:3cBsEDNhFI9E82vPj3kvi3,https://api.spotify.com/v1/tracks/3cBsEDNhFI9E82vPj3kvi3,https://api.spotify.com/v1/audio-analysis/3cBsEDNhFI9E82vPj3kvi3,178520,3
Alone,Rod Wave,0.596,0.545,3,-6.911,0,0.0368,0.703,0,0.0811,0.0923,82.07,audio_features,5ie5OPdaP9fivYaKcjwKF1,spotify:track:5ie5OPdaP9fivYaKcjwKF1,https://api.spotify.com/v1/tracks/5ie5OPdaP9fivYaKcjwKF1,https://api.spotify.com/v1/audio-analysis/5ie5OPdaP9fivYaKcjwKF1,191159,4
Big Energy,Latto,0.935,0.807,11,-3.838,0,0.114,0.0514,0,0.349,0.813,106.017,audio_features,6Zu3aw7FfjAF9WA0fA81Oq,spotify:track:6Zu3aw7FfjAF9WA0fA81Oq,https://api.spotify.com/v1/tracks/6Zu3aw7FfjAF9WA0fA81Oq,https://api.spotify.com/v1/audio-analysis/6Zu3aw7FfjAF9WA0fA81Oq,173182,4
Vegas,Doja Cat,0.801,0.601,8,-7.574,0,0.255,0.0777,3.23e-05,0.145,0.74,159.969,audio_features,0hquQWY3xvYqN4qtiquniF,spotify:track:0hquQWY3xvYqN4qtiquniF,https://api.spotify.com/v1/tracks/0hquQWY3xvYqN4qtiquniF,https://api.spotify.com/v1/audio-analysis/0hquQWY3xvYqN4qtiquniF,182907,4
Moscow Mule,Bad Bunny,0.804,0.674,5,-5.453,0,0.0333,0.294,1.18e-06,0.115,0.292,99.968,audio_features,6Xom58OOXk2SoU711L2IXO,spotify:track:6Xom58OOXk2SoU711L2IXO,https://api.spotify.com/v1/tracks/6Xom58OOXk2SoU711L2IXO,https://api.spotify.com/v1/audio-analysis/6Xom58OOXk2SoU711L2IXO,245940,4
Glimpse Of Us,Joji,0.44,0.317,8,-9.258,1,0.0531,0.891,4.78e-06,0.141,0.268,169.914,audio_features,6xGruZOHLs39ZbVccQTuPZ,spotify:track:6xGruZOHLs39ZbVccQTuPZ,https://api.spotify.com/v1/tracks/6xGruZOHLs39ZbVccQTuPZ,https://api.spotify.com/v1/audio-analysis/6xGruZOHLs39ZbVccQTuPZ,233456,3
Ghost,Justin Bieber,0.601,0.741,2,-5.569,1,0.0478,0.185,2.91e-05,0.415,0.441,153.96,audio_features,6I3mqTwhRpn34SLVafSH7G,spotify:track:6I3mqTwhRpn34SLVafSH7G,https://api.spotify.com/v1/tracks/6I3mqTwhRpn34SLVafSH7G,https://api.spotify.com/v1/audio-analysis/6I3mqTwhRpn34SLVafSH7G,153190,4
Like I Love Country Music,Kane Brown,0.542,0.82,8,-6.073,1,0.0432,0.000682,0.000136,0.0561,0.702,124.85,audio_features,3j1xkzTW8owIphkWV51V9s,spotify:track:3j1xkzTW8owIphkWV51V9s,https://api.spotify.com/v1/tracks/3j1xkzTW8owIphkWV51V9s,https://api.spotify.com/v1/audio-analysis/3j1xkzTW8owIphkWV51V9s,234341,4
Shivers,Ed Sheeran,0.788,0.859,2,-2.724,1,0.0856,0.281,0,0.0424,0.822,141.02,audio_features,50nfwKoDiSYg8zOCREWAm5,spotify:track:50nfwKoDiSYg8zOCREWAm5,https://api.spotify.com/v1/tracks/50nfwKoDiSYg8zOCREWAm5,https://api.spotify.com/v1/audio-analysis/50nfwKoDiSYg8zOCREWAm5,207853,4
Fall In Love,Bailey Zimmerman,0.524,0.643,9,-6.055,1,0.0297,0.451,0,0.221,0.397,135.962,audio_features,5gVCfYmQRPy1QJifP8f5gg,spotify:track:5gVCfYmQRPy1QJifP8f5gg,https://api.spotify.com/v1/tracks/5gVCfYmQRPy1QJifP8f5gg,https://api.spotify.com/v1/audio-analysis/5gVCfYmQRPy1QJifP8f5gg,232059,4
5 Foot 9,Tyler Hubbard,0.602,0.796,5,-5.609,1,0.0465,0.146,0,0.125,0.53,106.005,audio_features,6AqwH2Y9FJwhUE2dCSkw1u,spotify:track:6AqwH2Y9FJwhUE2dCSkw1u,https://api.spotify.com/v1/tracks/6AqwH2Y9FJwhUE2dCSkw1u,https://api.spotify.com/v1/audio-analysis/6AqwH2Y9FJwhUE2dCSkw1u,189780,4
Numb Little Bug,Em Beihold,0.742,0.527,8,-6.892,0,0.0769,0.327,0,0.25,0.638,84.974,audio_features,3o9kpgkIcffx0iSwxhuNI2,spotify:track:3o9kpgkIcffx0iSwxhuNI2,https://api.spotify.com/v1/tracks/3o9kpgkIcffx0iSwxhuNI2,https://api.spotify.com/v1/audio-analysis/3o9kpgkIcffx0iSwxhuNI2,169238,4
In A Minute,Lil Baby,0.643,0.605,4,-5.968,0,0.297,0.0336,0,0.112,0.145,84.216,audio_features,3ihIZrJreMJPjQdNLrEXnP,spotify:track:3ihIZrJreMJPjQdNLrEXnP,https://api.spotify.com/v1/tracks/3ihIZrJreMJPjQdNLrEXnP,https://api.spotify.com/v1/audio-analysis/3ihIZrJreMJPjQdNLrEXnP,200471,4
Last Night Lonely,Jon Pardi,0.646,0.816,6,-2.65,1,0.0269,0.00496,0,0.179,0.865,102.972,audio_features,3SeeaIXnrCfT88vHVCRWHl,spotify:track:3SeeaIXnrCfT88vHVCRWHl,https://api.spotify.com/v1/tracks/3SeeaIXnrCfT88vHVCRWHl,https://api.spotify.com/v1/audio-analysis/3SeeaIXnrCfT88vHVCRWHl,181991,4
Cold Heart (PNAU Remix),Elton John & Dua Lipa,0.796,0.798,1,-6.312,1,0.0317,0.034,4.19e-05,0.0952,0.942,116.032,audio_features,6zSpb8dQRaw0M1dK8PBwQz,spotify:track:6zSpb8dQRaw0M1dK8PBwQz,https://api.spotify.com/v1/tracks/6zSpb8dQRaw0M1dK8PBwQz,https://api.spotify.com/v1/audio-analysis/6zSpb8dQRaw0M1dK8PBwQz,202735,4
Efecto,Bad Bunny,0.801,0.475,7,-8.797,0,0.0516,0.141,1.73e-05,0.0639,0.234,98.047,audio_features,5Eax0qFko2dh7Rl2lYs3bx,spotify:track:5Eax0qFko2dh7Rl2lYs3bx,https://api.spotify.com/v1/tracks/5Eax0qFko2dh7Rl2lYs3bx,https://api.spotify.com/v1/audio-analysis/5Eax0qFko2dh7Rl2lYs3bx,213061,4
Rock And A Hard Place,Bailey Zimmerman,0.582,0.568,1,-7.3,1,0.0275,0.577,0,0.105,0.394,121.991,audio_features,4686eQ81DEswHa90bcdlC9,spotify:track:4686eQ81DEswHa90bcdlC9,https://api.spotify.com/v1/tracks/4686eQ81DEswHa90bcdlC9,https://api.spotify.com/v1/audio-analysis/4686eQ81DEswHa90bcdlC9,207541,3
Sticky,Drake,0.853,0.495,6,-14.63,1,0.14,0.0917,0.000217,0.0844,0.0774,137.027,audio_features,4rmVZajAF7PkrCagGPHbqa,spotify:track:4rmVZajAF7PkrCagGPHbqa,https://api.spotify.com/v1/tracks/4rmVZajAF7PkrCagGPHbqa,https://api.spotify.com/v1/audio-analysis/4rmVZajAF7PkrCagGPHbqa,243228,4
Something In The Orange,Zach Bryan,0.369,0.192,4,-12.151,0,0.04,0.555,8.35e-06,0.0954,0.148,175.212,audio_features,3WMj8moIAXJhHsyLaqIIHI,spotify:track:3WMj8moIAXJhHsyLaqIIHI,https://api.spotify.com/v1/tracks/3WMj8moIAXJhHsyLaqIIHI,https://api.spotify.com/v1/audio-analysis/3WMj8moIAXJhHsyLaqIIHI,228013,3
Provenza,Karol G,0.87,0.516,1,-8.006,1,0.0541,0.656,0.00823,0.11,0.53,111.005,audio_features,7dSZ6zGTQx66c2GF91xCrb,spotify:track:7dSZ6zGTQx66c2GF91xCrb,https://api.spotify.com/v1/tracks/7dSZ6zGTQx66c2GF91xCrb,https://api.spotify.com/v1/audio-analysis/7dSZ6zGTQx66c2GF91xCrb,210200,4
Get Into It (Yuh),Doja Cat,0.912,0.655,8,-6.029,0,0.162,0.315,3.39e-05,0.0894,0.793,91.942,audio_features,0W6I02J9xcqK8MtSeosEXb,spotify:track:0W6I02J9xcqK8MtSeosEXb,https://api.spotify.com/v1/tracks/0W6I02J9xcqK8MtSeosEXb,https://api.spotify.com/v1/audio-analysis/0W6I02J9xcqK8MtSeosEXb,138293,4
Betty (Get Money),Yung Gravy,0.723,0.772,1,-6.784,1,0.0792,0.00524,1.15e-05,0.367,0.58,102.004,audio_features,4cacyP5c3PMlfnyjpg13xW,spotify:track:4cacyP5c3PMlfnyjpg13xW,https://api.spotify.com/v1/tracks/4cacyP5c3PMlfnyjpg13xW,https://api.spotify.com/v1/audio-analysis/4cacyP5c3PMlfnyjpg13xW,146471,4
Son Of A Sinner,Jelly Roll,0.365,0.541,7,-7.489,1,0.0304,0.0419,2.25e-06,0.281,0.329,86.041,audio_features,25VQoiuyc0HkC5FQTj1a8G,spotify:track:25VQoiuyc0HkC5FQTj1a8G,https://api.spotify.com/v1/tracks/25VQoiuyc0HkC5FQTj1a8G,https://api.spotify.com/v1/audio-analysis/25VQoiuyc0HkC5FQTj1a8G,232093,4
Never Get Over Me,Rod Wave,0.689,0.626,4,-10.224,1,0.065,0.21,0,0.109,0.453,157.954,audio_features,5sRUXYW5XqkHpGUjNIaU1W,spotify:track:5sRUXYW5XqkHpGUjNIaU1W,https://api.spotify.com/v1/tracks/5sRUXYW5XqkHpGUjNIaU1W,https://api.spotify.com/v1/audio-analysis/5sRUXYW5XqkHpGUjNIaU1W,170127,4
Super Gremlin,Kodak Black,0.825,0.414,2,-6.634,1,0.144,0.00265,0,0.357,0.106,72.993,audio_features,4A8cWXxKfIL3lAyUDzXbCF,spotify:track:4A8cWXxKfIL3lAyUDzXbCF,https://api.spotify.com/v1/tracks/4A8cWXxKfIL3lAyUDzXbCF,https://api.spotify.com/v1/audio-analysis/4A8cWXxKfIL3lAyUDzXbCF,200548,4
Sweet Little Lies,Rod Wave,0.656,0.679,10,-8.594,1,0.0598,0.014,0,0.101,0.27,159.978,audio_features,0qjoeS8gwEFqf0ju66ledI,spotify:track:0qjoeS8gwEFqf0ju66ledI,https://api.spotify.com/v1/tracks/0qjoeS8gwEFqf0ju66ledI,https://api.spotify.com/v1/audio-analysis/0qjoeS8gwEFqf0ju66ledI,174750,4
Take My Name,Parmalee,0.559,0.66,7,-4.143,1,0.0512,0.222,0,0.193,0.574,163.957,audio_features,2afB4eV1KWBqLqFqME6PTh,spotify:track:2afB4eV1KWBqLqFqME6PTh,https://api.spotify.com/v1/tracks/2afB4eV1KWBqLqFqME6PTh,https://api.spotify.com/v1/audio-analysis/2afB4eV1KWBqLqFqME6PTh,157907,4
Hot Shit,"Cardi B, Ye & Lil Durk",0.878,0.685,9,-5.28,1,0.225,0.00152,0,0.0753,0.523,157.003,audio_features,3uJFmluXzYedoJcvhpC1AW,spotify:track:3uJFmluXzYedoJcvhpC1AW,https://api.spotify.com/v1/tracks/3uJFmluXzYedoJcvhpC1AW,https://api.spotify.com/v1/audio-analysis/3uJFmluXzYedoJcvhpC1AW,211649,4
Damn Strait,Scotty McCreery,0.523,0.64,4,-6.15,1,0.0295,0.0512,5.52e-05,0.0675,0.48,144.022,audio_features,4jp9FimhP2bQ93vR0A5r7b,spotify:track:4jp9FimhP2bQ93vR0A5r7b,https://api.spotify.com/v1/tracks/4jp9FimhP2bQ93vR0A5r7b,https://api.spotify.com/v1/audio-analysis/4jp9FimhP2bQ93vR0A5r7b,230227,4
Bad Decisions,"benny blanco, BTS & Snoop Dogg",0.762,0.861,0,-3.296,1,0.0955,0.0185,0,0.264,0.955,120.048,audio_features,0xzI1KAr0Yd9tv8jlIk3sn,spotify:track:0xzI1KAr0Yd9tv8jlIk3sn,https://api.spotify.com/v1/tracks/0xzI1KAr0Yd9tv8jlIk3sn,https://api.spotify.com/v1/audio-analysis/0xzI1KAr0Yd9tv8jlIk3sn,172714,4
Forever,Rod Wave,0.626,0.524,3,-8.987,1,0.0411,0.566,1.14e-05,0.103,0.451,129.996,audio_features,4mChXwwU4xbiYIP7QQeLFP,spotify:track:4mChXwwU4xbiYIP7QQeLFP,https://api.spotify.com/v1/tracks/4mChXwwU4xbiYIP7QQeLFP,https://api.spotify.com/v1/audio-analysis/4mChXwwU4xbiYIP7QQeLFP,214186,4
Bones,Imagine Dragons,0.773,0.742,5,-3.678,0,0.046,0.0206,0,0.0754,0.571,114.071,audio_features,0HqZX76SFLDz2aW8aiqi7G,spotify:track:0HqZX76SFLDz2aW8aiqi7G,https://api.spotify.com/v1/tracks/0HqZX76SFLDz2aW8aiqi7G,https://api.spotify.com/v1/audio-analysis/0HqZX76SFLDz2aW8aiqi7G,165265,4
So Good,Halsey,0.576,0.627,3,-4.649,0,0.0449,0.0385,0,0.181,0.311,164.998,audio_features,6kxaaIeowajN7w21PfMLbu,spotify:track:6kxaaIeowajN7w21PfMLbu,https://api.spotify.com/v1/tracks/6kxaaIeowajN7w21PfMLbu,https://api.spotify.com/v1/audio-analysis/6kxaaIeowajN7w21PfMLbu,176059,4
Her,Megan Thee Stallion,0.945,0.848,1,-4.76,1,0.326,0.374,3.31e-05,0.101,0.819,119.918,audio_features,5hHvFrMnwic82WwRLr4WY0,spotify:track:5hHvFrMnwic82WwRLr4WY0,https://api.spotify.com/v1/tracks/5hHvFrMnwic82WwRLr4WY0,https://api.spotify.com/v1/audio-analysis/5hHvFrMnwic82WwRLr4WY0,137107,4
Victoriaâ€™s Secret,Jax,0.586,0.556,6,-7.639,1,0.0592,0.00655,0,0.0836,0.517,167.018,audio_features,4svaKoxMMP7ImmKrD5hfQu,spotify:track:4svaKoxMMP7ImmKrD5hfQu,https://api.spotify.com/v1/tracks/4svaKoxMMP7ImmKrD5hfQu,https://api.spotify.com/v1/audio-analysis/4svaKoxMMP7ImmKrD5hfQu,176125,4
Despues de La Playa,Bad Bunny,0.564,0.903,5,-3.221,1,0.307,0.356,0,0.175,0.607,78.293,audio_features,1dm6z1fWB0cErMszU25dy2,spotify:track:1dm6z1fWB0cErMszU25dy2,https://api.spotify.com/v1/tracks/1dm6z1fWB0cErMszU25dy2,https://api.spotify.com/v1/audio-analysis/1dm6z1fWB0cErMszU25dy2,230400,4
Stone Rolling,Rod Wave,0.622,0.533,2,-11.149,1,0.0452,0.0579,0,0.152,0.363,170.04,audio_features,6V74LEfuOKN9iz7YinOWpB,spotify:track:6V74LEfuOKN9iz7YinOWpB,https://api.spotify.com/v1/tracks/6V74LEfuOKN9iz7YinOWpB,https://api.spotify.com/v1/audio-analysis/6V74LEfuOKN9iz7YinOWpB,180706,4
Alien Superstar,Beyonce,0.545,0.641,10,-6.398,0,0.0998,0.00453,6.59e-05,0.171,0.464,121.892,audio_features,1Hohk6AufHZOrrhMXZppax,spotify:track:1Hohk6AufHZOrrhMXZppax,https://api.spotify.com/v1/tracks/1Hohk6AufHZOrrhMXZppax,https://api.spotify.com/v1/audio-analysis/1Hohk6AufHZOrrhMXZppax,215460,4
Unstoppable,Sia,0.468,0.779,9,-4.839,1,0.0779,0.112,0.000373,0.101,0.26,173.799,audio_features,1yvMUkIOTeUNtNWlWRgANS,spotify:track:1yvMUkIOTeUNtNWlWRgANS,https://api.spotify.com/v1/tracks/1yvMUkIOTeUNtNWlWRgANS,https://api.spotify.com/v1/audio-analysis/1yvMUkIOTeUNtNWlWRgANS,217747,4
Free Mind,Tems,0.562,0.463,6,-7.478,1,0.0787,0.442,0.000145,0.157,0.416,125.15,audio_features,2mzM4Y0Rnx2BDZqRnhQ5Q6,spotify:track:2mzM4Y0Rnx2BDZqRnhQ5Q6,https://api.spotify.com/v1/tracks/2mzM4Y0Rnx2BDZqRnhQ5Q6,https://api.spotify.com/v1/audio-analysis/2mzM4Y0Rnx2BDZqRnhQ5Q6,247579,5
Wishful Drinking,Ingrid Andress With Sam Hunt,0.678,0.528,10,-7.317,1,0.0551,0.289,0,0.0734,0.614,79.018,audio_features,3HGnIIdHYIbkowzLk8UHbE,spotify:track:3HGnIIdHYIbkowzLk8UHbE,https://api.spotify.com/v1/tracks/3HGnIIdHYIbkowzLk8UHbE,https://api.spotify.com/v1/audio-analysis/3HGnIIdHYIbkowzLk8UHbE,194545,4
No Deal,Rod Wave,0.752,0.523,10,-8.033,1,0.355,0.0478,0,0.0622,0.192,81.48,audio_features,2GJxkCRFJ6maLi2VmYRX9R,spotify:track:2GJxkCRFJ6maLi2VmYRX9R,https://api.spotify.com/v1/tracks/2GJxkCRFJ6maLi2VmYRX9R,https://api.spotify.com/v1/audio-analysis/2GJxkCRFJ6maLi2VmYRX9R,187730,4
Dah Dah DahDah,Nardo Wick,0.66,0.373,11,-10.234,1,0.595,0.149,0,0.106,0.35,167.912,audio_features,2TSfStvlAMLw89u3tali79,spotify:track:2TSfStvlAMLw89u3tali79,https://api.spotify.com/v1/tracks/2TSfStvlAMLw89u3tali79,https://api.spotify.com/v1/audio-analysis/2TSfStvlAMLw89u3tali79,151776,4
Whiskey On You,Nate Smith,0.479,0.768,8,-5.204,1,0.0312,7.02e-05,0.00549,0.121,0.576,110.024,audio_features,6Tm4Io4ct4w14nB1EUzsY3,spotify:track:6Tm4Io4ct4w14nB1EUzsY3,https://api.spotify.com/v1/tracks/6Tm4Io4ct4w14nB1EUzsY3,https://api.spotify.com/v1/audio-analysis/6Tm4Io4ct4w14nB1EUzsY3,183790,4
I Know It,Rod Wave,0.626,0.772,5,-6.797,1,0.057,0.339,0,0.135,0.31,162.975,audio_features,2Ty1Z8Q0bRF7niZuO8D5rW,spotify:track:2Ty1Z8Q0bRF7niZuO8D5rW,https://api.spotify.com/v1/tracks/2Ty1Z8Q0bRF7niZuO8D5rW,https://api.spotify.com/v1/audio-analysis/2Ty1Z8Q0bRF7niZuO8D5rW,157546,4
Last Last,Burna Boy,0.795,0.565,3,-4.457,0,0.0948,0.131,0,0.0802,0.55,87.925,audio_features,5YbPxJwPfrj7uswNwoF1pJ,spotify:track:5YbPxJwPfrj7uswNwoF1pJ,https://api.spotify.com/v1/tracks/5YbPxJwPfrj7uswNwoF1pJ,https://api.spotify.com/v1/audio-analysis/5YbPxJwPfrj7uswNwoF1pJ,172342,4
With A Woman You Love,Justin Moore,0.611,0.756,7,-4.483,1,0.0288,0.0587,0,0.378,0.596,106.012,audio_features,20WKHeDTmtU0Zj4sNB8aoA,spotify:track:20WKHeDTmtU0Zj4sNB8aoA,https://api.spotify.com/v1/tracks/20WKHeDTmtU0Zj4sNB8aoA,https://api.spotify.com/v1/audio-analysis/20WKHeDTmtU0Zj4sNB8aoA,167376,4
Truth About You,Mitchell Tenpenny,0.492,0.708,10,-4.639,1,0.0334,0.0975,0,0.12,0.697,161.989,audio_features,4Qum1kECNQrpREev5fvAQ4,spotify:track:4Qum1kECNQrpREev5fvAQ4,https://api.spotify.com/v1/tracks/4Qum1kECNQrpREev5fvAQ4,https://api.spotify.com/v1/audio-analysis/4Qum1kECNQrpREev5fvAQ4,203037,4
Cuff It,Beyonce,0.78,0.689,7,-5.668,1,0.141,0.0368,9.69e-06,0.0698,0.642,115.042,audio_features,1xzi1Jcr7mEi9K2RfzLOqS,spotify:track:1xzi1Jcr7mEi9K2RfzLOqS,https://api.spotify.com/v1/tracks/1xzi1Jcr7mEi9K2RfzLOqS,https://api.spotify.com/v1/audio-analysis/1xzi1Jcr7mEi9K2RfzLOqS,225389,4
Pick Me Up,Gabby Barrett,0.472,0.701,2,-4.563,1,0.0369,0.0387,0,0.107,0.515,79.805,audio_features,7xNYZeFtrB05pi9tc6lEeb,spotify:track:7xNYZeFtrB05pi9tc6lEeb,https://api.spotify.com/v1/tracks/7xNYZeFtrB05pi9tc6lEeb,https://api.spotify.com/v1/audio-analysis/7xNYZeFtrB05pi9tc6lEeb,169440,4
Despecha,Rosalia,0.919,0.623,7,-6.521,1,0.0992,0.184,1.63e-05,0.0609,0.775,130.037,audio_features,5ildQOEKmJuWGl2vRkFdYc,spotify:track:5ildQOEKmJuWGl2vRkFdYc,https://api.spotify.com/v1/tracks/5ildQOEKmJuWGl2vRkFdYc,https://api.spotify.com/v1/audio-analysis/5ildQOEKmJuWGl2vRkFdYc,157018,4
Pieces,Rod Wave,0.565,0.558,5,-7.634,1,0.0453,0.379,0,0.0896,0.0778,82.998,audio_features,6T7tWJsjBpLb95rNqSLcih,spotify:track:6T7tWJsjBpLb95rNqSLcih,https://api.spotify.com/v1/tracks/6T7tWJsjBpLb95rNqSLcih,https://api.spotify.com/v1/audio-analysis/6T7tWJsjBpLb95rNqSLcih,208193,4
Ghost Story,Carrie Underwood,0.479,0.742,7,-5.587,1,0.0539,0.0069,0.000834,0.278,0.454,142.909,audio_features,2FGOg7uYBfnspkPOISXTFY,spotify:track:2FGOg7uYBfnspkPOISXTFY,https://api.spotify.com/v1/tracks/2FGOg7uYBfnspkPOISXTFY,https://api.spotify.com/v1/audio-analysis/2FGOg7uYBfnspkPOISXTFY,181400,3
Rockstar Heart,Rod Wave,0.516,0.533,0,-8.106,1,0.067,0.684,0,0.188,0.175,76.325,audio_features,4UiPTfFuP4SLo59Q9KC8Yp,spotify:track:4UiPTfFuP4SLo59Q9KC8Yp,https://api.spotify.com/v1/tracks/4UiPTfFuP4SLo59Q9KC8Yp,https://api.spotify.com/v1/audio-analysis/4UiPTfFuP4SLo59Q9KC8Yp,137967,4
Puffin On Zootiez,Future,0.883,0.657,8,-5.748,1,0.305,0.0603,0,0.128,0.284,124.992,audio_features,1qMMYpVatbRITKCfq1gasi,spotify:track:1qMMYpVatbRITKCfq1gasi,https://api.spotify.com/v1/tracks/1qMMYpVatbRITKCfq1gasi,https://api.spotify.com/v1/audio-analysis/1qMMYpVatbRITKCfq1gasi,172933,4
Until I Found You,Stephen Sanchez,0.539,0.508,10,-6.05,1,0.0288,0.727,0,0.174,0.227,101.358,audio_features,0T5iIrXA4p5GsubkhuBIKV,spotify:track:0T5iIrXA4p5GsubkhuBIKV,https://api.spotify.com/v1/tracks/0T5iIrXA4p5GsubkhuBIKV,https://api.spotify.com/v1/audio-analysis/0T5iIrXA4p5GsubkhuBIKV,177720,3
Plan B,Megan Thee Stallion,0.787,0.522,8,-5.872,1,0.463,0.0668,0,0.108,0.666,170.439,audio_features,2PljnVsnl2PRwCvfhbdQup,spotify:track:2PljnVsnl2PRwCvfhbdQup,https://api.spotify.com/v1/tracks/2PljnVsnl2PRwCvfhbdQup,https://api.spotify.com/v1/audio-analysis/2PljnVsnl2PRwCvfhbdQup,163765,4
Thought You Should Know,Morgan Wallen,0.529,0.695,6,-6.174,1,0.0278,0.488,1.24e-05,0.142,0.514,139.993,audio_features,6NHpyYvJyQsg2nXXzGYc2R,spotify:track:6NHpyYvJyQsg2nXXzGYc2R,https://api.spotify.com/v1/tracks/6NHpyYvJyQsg2nXXzGYc2R,https://api.spotify.com/v1/audio-analysis/6NHpyYvJyQsg2nXXzGYc2R,215572,4
Time Kills (Love Birds),Rod Wave,0.601,0.612,8,-7.65,1,0.0727,0.0508,0,0.164,0.517,154.977,audio_features,1LaBp63783MPDYnE3ohMAN,spotify:track:1LaBp63783MPDYnE3ohMAN,https://api.spotify.com/v1/tracks/1LaBp63783MPDYnE3ohMAN,https://api.spotify.com/v1/audio-analysis/1LaBp63783MPDYnE3ohMAN,173418,3
Fading,Rod Wave,0.674,0.656,11,-7.506,1,0.0625,0.324,0,0.107,0.38,159.933,audio_features,0Ixokfhum2t1dXWg54hjPn,spotify:track:0Ixokfhum2t1dXWg54hjPn,https://api.spotify.com/v1/tracks/0Ixokfhum2t1dXWg54hjPn,https://api.spotify.com/v1/audio-analysis/0Ixokfhum2t1dXWg54hjPn,163500,4
Church Girl,Beyonce,0.792,0.919,2,-5.688,1,0.276,0.0381,5.1e-06,0.368,0.22,92.028,audio_features,2mqTtvbKxH7SoEQ2oGAnsA,spotify:track:2mqTtvbKxH7SoEQ2oGAnsA,https://api.spotify.com/v1/tracks/2mqTtvbKxH7SoEQ2oGAnsA,https://api.spotify.com/v1/audio-analysis/2mqTtvbKxH7SoEQ2oGAnsA,224473,4
Un Ratito,Bad Bunny,0.787,0.546,0,-7.094,0,0.0532,0.305,4.55e-05,0.122,0.222,93.05,audio_features,5CzixCxDkRXX9mScCmah8O,spotify:track:5CzixCxDkRXX9mScCmah8O,https://api.spotify.com/v1/tracks/5CzixCxDkRXX9mScCmah8O,https://api.spotify.com/v1/audio-analysis/5CzixCxDkRXX9mScCmah8O,176936,4
What My World Spins Around,Jordan Davis,0.675,0.726,2,-6.459,1,0.0461,0.105,0,0.153,0.671,124.872,audio_features,6HBRLaSQ7NB8MNlaqzYen1,spotify:track:6HBRLaSQ7NB8MNlaqzYen1,https://api.spotify.com/v1/tracks/6HBRLaSQ7NB8MNlaqzYen1,https://api.spotify.com/v1/audio-analysis/6HBRLaSQ7NB8MNlaqzYen1,186791,4
